first_name,email
"Cody","combativeCody@yahoo.co.in"
"Chad","condemnedChad86@blueyonder.co.uk"
"Dustin","Dustindizzy@yahoo.in"
"Miranda","Mirandaworrisome@chello.nl"
"Alison","determinedAlison@hotmail.com"
"Gerald","magnificentGerald42@live.com.au"
"Heather","defiantHeather59@gmail.com"
"Christian","Christiandoubtful@msn.com"
"Kellie","shinyKellie@live.com"
"Tonya","putridTonya@comcast.net"
"Alexander","grumpyAlexander@bellsouth.net"
"Antonio","Antoniokind@bigpond.net.au"
"Kristina","shyKristina@aim.com"
"Dustin","richDustin@virgilio.it"
"Kristopher","condemnedKristopher@virgilio.it"
"Sergio","realSergio@wanadoo.fr"
"Dawn","Dawnenthusiastic@alice.it"
"Richard","easyRichard@yahoo.ca"
"Randy","fairRandy@yahoo.com.sg"
"Naomi","ashamedNaomi69@yahoo.co.jp"
"Phillip","kindPhillip@qq.com"
"Devin","cuteDevin51@yahoo.com.mx"
"Jeffery","outstandingJeffery@ymail.com"
"Joseph","courageousJoseph@live.fr"
"Kristine","goodKristine93@laposte.net"
"Brandon","nervousBrandon69@gmail.com"
"Lori","handsomeLori@optusnet.com.au"
"Craig","thoughtlessCraig@live.fr"
"Renee","excitedRenee90@yahoo.co.jp"
"Susan","mysteriousSusan@juno.com"
"Julian","aliveJulian20@ig.com.br"
"Ramon","Ramonelated@bigpond.net.au"
"Larry","Larryclever@neuf.fr"
"Javier","Javierpoised@hotmail.fr"
"Kristy","Kristycolorful@bigpond.net.au"
"Regina","Reginathankful@yahoo.es"
"Diana","Dianaclear@tin.it"
"Rebekah","itchyRebekah22@aim.com"
"Devon","Devonevil@att.net"
"Bryce","giftedBryce@home.nl"
"Austin","Austindefiant@aim.com"
"David","Davidfrantic@verizon.net"
"Kenneth","cuteKenneth73@yahoo.com"
"Jeremy","niceJeremy@sbcglobal.net"
"Tina","Tinanervous@yahoo.com.mx"
"Brent","innocentBrent76@terra.com.br"
"Ian","Ianprickly@yahoo.es"
"Megan","Meganobedient@centurytel.net"
"Mindy","condemnedMindy51@yahoo.co.jp"
"Robyn","cautiousRobyn@sfr.fr"
"Alexandra","clumsyAlexandra77@aliceadsl.fr"
"Daniel","tiredDaniel7@live.co.uk"
"Andre","jealousAndre@bluewin.ch"
"Colin","lightColin@bluewin.ch"
"Brent","victoriousBrent@hetnet.nl"
"Joshua","grievingJoshua58@gmx.de"
"Javier","condemnedJavier91@mail.com"
"Chad","joyousChad@yahoo.com.au"
"Carly","importantCarly90@orange.fr"
"Krista","jollyKrista@yahoo.com.au"
"Gary","gloriousGary8@freenet.de"
"Carrie","evilCarrie@rediffmail.com"
"Kristen","charmingKristen52@terra.com.br"
"Bridget","Bridgettame@yahoo.co.id"
"Raul","strangeRaul61@skynet.be"
"Frank","foolishFrank39@aol.com"
"Robert","Roberttame@sympatico.ca"
"Andres","fineAndres90@t-online.de"
"Bonnie","boredBonnie@yahoo.in"
"James","Jamesfriendly@live.ca"
"Allison","livelyAllison@telenet.be"
"Vincent","tenderVincent@yahoo.com.mx"
"Kristi","Kristibreakable@yahoo.in"
"David","Davidobedient@yahoo.co.jp"
"William","concernedWilliam65@ntlworld.com"
"Calvin","Calvinexuberant@yahoo.com"
"Krystal","Krystalsleepy@ig.com.br"
"Billy","Billydetermined@ntlworld.com"
"Claudia","Claudiaashamed@hotmail.de"
"Dawn","mistyDawn@optonline.net"
"Yolanda","Yolandabeautiful@yahoo.co.uk"
"Garrett","itchyGarrett@msn.com"
"Lucas","Lucashandsome@frontiernet.net"
"Kristine","sparklingKristine86@gmail.com"
"Micheal","defiantMicheal90@free.fr"
"Benjamin","toughBenjamin25@yahoo.ca"
"Tanya","nuttyTanya@frontiernet.net"
"Sharon","friendlySharon@yahoo.co.id"
"Linda","stormyLinda52@hetnet.nl"
"Holly","goodHolly@laposte.net"
"Haley","gracefulHaley@yahoo.co.id"
"Julia","pricklyJulia@qq.com"
"Bethany","lightBethany3@yahoo.com.br"
"April","motionlessApril44@hotmail.de"
"Dylan","mysteriousDylan@yahoo.in"
"Robin","annoyedRobin18@planet.nl"
"Roger","tameRoger@yahoo.de"
"Derrick","old-fashionedDerrick@centurytel.net"
"Ernest","modernErnest94@rocketmail.com"
"Joy","defeatedJoy57@yahoo.in"